run_id,arch,level,mode,seed,lr,best_val_acc,train_time_s,epochs_ran,top1_page,top5_page,macro_f1_page,map_line,top1_retrieval,n_params,throughput_img_s,gpu_name,torch_version,timm_version
resnet50_L1_pretrained_s0,resnet50,1,pretrained,0,0.0003,0.46774193548387094,569.1291687488556,32,0.6688311688311688,0.8733766233766234,0.6028138528138528,0.22535317880965472,0.3285140562248996,24139124,171.3821593099591,NVIDIA RTX PRO 4000 Blackwell,2.13.0+cu130,1.0.28
convnext_tiny_L1_pretrained_s0,convnext_tiny,1,pretrained,0,0.0001,0.535483870967742,742.3773074150085,40,0.7922077922077922,0.9253246753246753,0.7388528138528139,0.2623234200943148,0.37670682730923694,28056980,160.83235869484687,NVIDIA RTX PRO 4000 Blackwell,2.13.0+cu130,1.0.28
efficientnetv2_s_L1_pretrained_s0,efficientnetv2_s,1,pretrained,0,0.0003,0.5258064516129032,555.0230605602264,29,0.7402597402597403,0.9025974025974026,0.680952380952381,0.21999100033375155,0.3172690763052209,20572036,181.88778587830805,NVIDIA RTX PRO 4000 Blackwell,2.13.0+cu130,1.0.28
vit_small_L1_pretrained_s0,vit_small,1,pretrained,0,0.0003,0.5612903225806452,667.0188782215118,37,0.8051948051948052,0.9253246753246753,0.7502164502164502,0.25562590432760646,0.3742971887550201,21784244,166.3154795271914,NVIDIA RTX PRO 4000 Blackwell,2.13.0+cu130,1.0.28
swin_tiny_L1_pretrained_s0,swin_tiny,1,pretrained,0,0.0003,0.5935483870967742,748.5847461223602,40,0.8051948051948052,0.9123376623376623,0.7527056277056277,0.2871625538146849,0.40602409638554215,27756206,166.28779103162253,NVIDIA RTX PRO 4000 Blackwell,2.13.0+cu130,1.0.28
resnet50_L2_pretrained_s0,resnet50,2,pretrained,0,0.0003,0.6293577981651376,1343.528408050537,40,0.8896103896103896,0.9675324675324676,0.8587662337662337,0.2947386384471242,0.40080321285140563,24139124,177.3904195808757,NVIDIA RTX PRO 4000 Blackwell,2.13.0+cu130,1.0.28
convnext_tiny_L2_pretrained_s0,convnext_tiny,2,pretrained,0,0.0001,0.6807339449541284,1195.4559576511383,36,0.9383116883116883,0.974025974025974,0.9188311688311688,0.38775853264236076,0.5240963855421686,28056980,157.02173796882536,NVIDIA RTX PRO 4000 Blackwell,2.13.0+cu130,1.0.28
efficientnetv2_s_L2_pretrained_s0,efficientnetv2_s,2,pretrained,0,0.0003,0.6422018348623854,1503.9776377677917,40,0.9188311688311688,0.9805194805194806,0.8955627705627707,0.359872583012811,0.4947791164658635,20572036,155.69265587971753,NVIDIA RTX PRO 4000 Blackwell,2.13.0+cu130,1.0.28
vit_small_L2_pretrained_s0,vit_small,2,pretrained,0,0.0003,0.6605504587155964,1320.2768001556396,35,0.9253246753246753,0.9837662337662337,0.9025974025974026,0.3521906322029074,0.4827309236947791,21784244,144.91197976169664,NVIDIA RTX PRO 4000 Blackwell,2.13.0+cu130,1.0.28
swin_tiny_L2_pretrained_s0,swin_tiny,2,pretrained,0,0.0003,0.726605504587156,1511.5665254592896,40,0.935064935064935,0.9805194805194806,0.9145021645021646,0.4103615239073557,0.553012048192771,27756206,151.04326110140784,NVIDIA RTX PRO 4000 Blackwell,2.13.0+cu130,1.0.28
resnet50_L3_pretrained_s0,resnet50,3,pretrained,0,0.0003,0.6483660130718955,1441.6470956802368,26,0.9090909090909091,0.9772727272727273,0.8793290043290043,0.3307401813890187,0.4526104417670683,24139124,146.3665555920684,NVIDIA RTX PRO 4000 Blackwell,2.13.0+cu130,1.0.28
convnext_tiny_L3_pretrained_s0,convnext_tiny,3,pretrained,0,0.0001,0.7529411764705882,1667.3460626602173,30,0.9512987012987013,0.9772727272727273,0.935064935064935,0.44655690487030303,0.5959839357429719,28056980,128.9390140614879,NVIDIA RTX PRO 4000 Blackwell,2.13.0+cu130,1.0.28
efficientnetv2_s_L3_pretrained_s0,efficientnetv2_s,3,pretrained,0,0.0003,0.7411764705882353,2227.139335870743,40,0.961038961038961,0.987012987012987,0.9491341991341993,0.4496438136967027,0.5939759036144578,20572036,148.81500286706162,NVIDIA RTX PRO 4000 Blackwell,2.13.0+cu130,1.0.28
vit_small_L3_pretrained_s0,vit_small,3,pretrained,0,0.0003,0.7320261437908496,2348.632842063904,40,0.9448051948051948,0.9837662337662337,0.9285714285714286,0.43042035498877806,0.5835341365461847,21784244,107.45694243999483,NVIDIA RTX PRO 4000 Blackwell,2.13.0+cu130,1.0.28
swin_tiny_L3_pretrained_s0,swin_tiny,3,pretrained,0,0.0003,0.7594771241830065,1877.2135570049286,33,0.9577922077922078,0.987012987012987,0.9448051948051948,0.4367796751851977,0.5891566265060241,27756206,148.95114761711068,NVIDIA RTX PRO 4000 Blackwell,2.13.0+cu130,1.0.28
resnet50_L4_pretrained_s0,resnet50,4,pretrained,0,0.0003,0.7348484848484849,3080.775007247925,40,0.9415584415584416,0.9837662337662337,0.922077922077922,0.37526903927629246,0.5024096385542168,24139124,148.66453322774606,NVIDIA RTX PRO 4000 Blackwell,2.13.0+cu130,1.0.28
convnext_tiny_L4_pretrained_s0,convnext_tiny,4,pretrained,0,0.0001,0.8068181818181818,3058.7174611091614,40,0.9675324675324676,0.9935064935064936,0.9567099567099566,0.5087305640832022,0.6630522088353413,28056980,126.75992884812821,NVIDIA RTX PRO 4000 Blackwell,2.13.0+cu130,1.0.28
efficientnetv2_s_L4_pretrained_s0,efficientnetv2_s,4,pretrained,0,0.0003,0.771780303030303,3143.774682998657,40,0.9675324675324676,0.9902597402597403,0.9572510822510824,0.5068327766385182,0.6626506024096386,20572036,127.99417854037533,NVIDIA RTX PRO 4000 Blackwell,2.13.0+cu130,1.0.28
vit_small_L4_pretrained_s0,vit_small,4,pretrained,0,0.0003,0.7509469696969697,3015.515678167343,40,0.9707792207792207,0.9902597402597403,0.961038961038961,0.4741569310365763,0.6353413654618474,21784244,161.70329631536697,NVIDIA RTX PRO 4000 Blackwell,2.13.0+cu130,1.0.28
swin_tiny_L4_pretrained_s0,swin_tiny,4,pretrained,0,0.0003,0.7916666666666666,2843.2039263248444,40,0.974025974025974,0.9902597402597403,0.9653679653679653,0.4971168891924889,0.6510040160642571,27756206,156.24613488251308,NVIDIA RTX PRO 4000 Blackwell,2.13.0+cu130,1.0.28
resnet50_L1_pretrained_s1,resnet50,1,pretrained,1,0.0003,0.49514563106796117,788.3265142440796,40,0.672077922077922,0.8961038961038961,0.6014687693259122,0.2120984858667834,0.30160642570281126,24139124,161.6785537472959,NVIDIA RTX PRO 4000 Blackwell,2.13.0+cu130,1.0.28
convnext_tiny_L1_pretrained_s1,convnext_tiny,1,pretrained,1,0.0001,0.598705501618123,597.6086685657501,30,0.7694805194805194,0.9188311688311688,0.7179189857761286,0.2627871833344264,0.38112449799196785,28056980,143.43264872433417,NVIDIA RTX PRO 4000 Blackwell,2.13.0+cu130,1.0.28
efficientnetv2_s_L1_pretrained_s1,efficientnetv2_s,1,pretrained,1,0.0003,0.47249190938511326,561.0317640304565,28,0.7402597402597403,0.8928571428571429,0.6772727272727272,0.21780276407856777,0.3228915662650602,20572036,160.46145861469122,NVIDIA RTX PRO 4000 Blackwell,2.13.0+cu130,1.0.28
vit_small_L1_pretrained_s1,vit_small,1,pretrained,1,0.0003,0.5631067961165048,609.1962027549744,32,0.7564935064935064,0.9025974025974026,0.6951298701298702,0.24972278374075113,0.3562248995983936,21784244,170.50132332666973,NVIDIA RTX PRO 4000 Blackwell,2.13.0+cu130,1.0.28
swin_tiny_L1_pretrained_s1,swin_tiny,1,pretrained,1,0.0003,0.6181229773462783,720.5699141025543,38,0.8051948051948052,0.922077922077922,0.754004329004329,0.283464578890139,0.40240963855421685,27756206,172.26863993702418,NVIDIA RTX PRO 4000 Blackwell,2.13.0+cu130,1.0.28
resnet50_L2_pretrained_s1,resnet50,2,pretrained,1,0.0003,0.604735883424408,1084.3069486618042,32,0.8603896103896104,0.9642857142857143,0.8227272727272726,0.2961403625015796,0.40803212851405624,24139124,181.70845408005613,NVIDIA RTX PRO 4000 Blackwell,2.13.0+cu130,1.0.28
convnext_tiny_L2_pretrained_s1,convnext_tiny,2,pretrained,1,0.0001,0.6867030965391621,1405.8563644886017,40,0.9318181818181818,0.9837662337662337,0.9090909090909091,0.3838714493723939,0.5261044176706827,28056980,173.18775931772777,NVIDIA RTX PRO 4000 Blackwell,2.13.0+cu130,1.0.28
efficientnetv2_s_L2_pretrained_s1,efficientnetv2_s,2,pretrained,1,0.0003,0.5956284153005464,771.9001677036285,22,0.8863636363636364,0.9707792207792207,0.8522727272727273,0.3273460092306285,0.4606425702811245,20572036,183.42792975577734,NVIDIA RTX PRO 4000 Blackwell,2.13.0+cu130,1.0.28
vit_small_L2_pretrained_s1,vit_small,2,pretrained,1,0.0003,0.6593806921675774,1319.30330824852,40,0.935064935064935,0.9707792207792207,0.9145021645021644,0.3517784673119964,0.4714859437751004,21784244,179.6972042159107,NVIDIA RTX PRO 4000 Blackwell,2.13.0+cu130,1.0.28
swin_tiny_L2_pretrained_s1,swin_tiny,2,pretrained,1,0.0003,0.6885245901639344,1375.4875872135162,40,0.948051948051948,0.9772727272727273,0.9312770562770564,0.39483367115850143,0.5477911646586345,27756206,130.63492387517908,NVIDIA RTX PRO 4000 Blackwell,2.13.0+cu130,1.0.28
resnet50_L3_pretrained_s1,resnet50,3,pretrained,1,0.0003,0.7180500658761528,2057.3877098560333,40,0.9448051948051948,0.9935064935064936,0.9285714285714286,0.34720944203841236,0.47309236947791167,24139124,138.8488291710283,NVIDIA RTX PRO 4000 Blackwell,2.13.0+cu130,1.0.28
convnext_tiny_L3_pretrained_s1,convnext_tiny,3,pretrained,1,0.0001,0.7918313570487484,1973.4321777820587,40,0.9577922077922078,0.9837662337662337,0.9437229437229436,0.4599616070604102,0.6080321285140562,28056980,178.57021025318053,NVIDIA RTX PRO 4000 Blackwell,2.13.0+cu130,1.0.28
efficientnetv2_s_L3_pretrained_s1,efficientnetv2_s,3,pretrained,1,0.0003,0.7562582345191041,1798.6899199485779,34,0.9707792207792207,0.9902597402597403,0.961038961038961,0.43967332553540167,0.5879518072289157,20572036,177.70030002679505,NVIDIA RTX PRO 4000 Blackwell,2.13.0+cu130,1.0.28
vit_small_L3_pretrained_s1,vit_small,3,pretrained,1,0.0003,0.7707509881422925,2125.3392474651337,40,0.961038961038961,0.9902597402597403,0.9491341991341993,0.42780968889560517,0.5815261044176707,21784244,169.53103701975706,NVIDIA RTX PRO 4000 Blackwell,2.13.0+cu130,1.0.28
swin_tiny_L3_pretrained_s1,swin_tiny,3,pretrained,1,0.0003,0.7760210803689065,2012.0621569156647,40,0.9805194805194806,0.9837662337662337,0.9751082251082253,0.4559876782973697,0.6080321285140562,27756206,163.98316885190943,NVIDIA RTX PRO 4000 Blackwell,2.13.0+cu130,1.0.28
resnet50_L4_pretrained_s1,resnet50,4,pretrained,1,0.0003,0.7163187855787476,2611.907142162323,40,0.961038961038961,0.9837662337662337,0.948051948051948,0.37664261095891394,0.5116465863453815,24139124,160.05865936967845,NVIDIA RTX PRO 4000 Blackwell,2.13.0+cu130,1.0.28
convnext_tiny_L4_pretrained_s1,convnext_tiny,4,pretrained,1,0.0001,0.7960151802656547,2547.6437559127808,40,0.9642857142857143,0.9902597402597403,0.9534632034632036,0.5049544834574378,0.6582329317269077,28056980,169.09018060860743,NVIDIA RTX PRO 4000 Blackwell,2.13.0+cu130,1.0.28
efficientnetv2_s_L4_pretrained_s1,efficientnetv2_s,4,pretrained,1,0.0003,0.784629981024668,2566.8729424476624,40,0.974025974025974,0.9902597402597403,0.9653679653679655,0.5013536641401809,0.6497991967871486,20572036,184.32076229230924,NVIDIA RTX PRO 4000 Blackwell,2.13.0+cu130,1.0.28
vit_small_L4_pretrained_s1,vit_small,4,pretrained,1,0.0003,0.7666034155597723,2539.067806482315,40,0.9805194805194806,0.9902597402597403,0.974025974025974,0.46954868203492167,0.6228915662650603,21784244,172.64090817189165,NVIDIA RTX PRO 4000 Blackwell,2.13.0+cu130,1.0.28
swin_tiny_L4_pretrained_s1,swin_tiny,4,pretrained,1,0.0003,0.7969639468690702,2586.5460107326508,40,0.987012987012987,0.9902597402597403,0.9826839826839827,0.5003240213502305,0.6526104417670683,27756206,162.1954227879338,NVIDIA RTX PRO 4000 Blackwell,2.13.0+cu130,1.0.28
resnet50_L1_pretrained_s2,resnet50,1,pretrained,2,0.0003,0.4855305466237942,702.3910155296326,38,0.7272727272727273,0.8831168831168831,0.6633116883116883,0.2134140670578384,0.29518072289156627,24139124,169.8321213231429,NVIDIA RTX PRO 4000 Blackwell,2.13.0+cu130,1.0.28
convnext_tiny_L1_pretrained_s2,convnext_tiny,1,pretrained,2,0.0001,0.5755627009646302,686.3845055103302,37,0.7922077922077922,0.9188311688311688,0.7348484848484848,0.2621096077046887,0.37710843373493974,28056980,165.49812798750432,NVIDIA RTX PRO 4000 Blackwell,2.13.0+cu130,1.0.28
efficientnetv2_s_L1_pretrained_s2,efficientnetv2_s,1,pretrained,2,0.0003,0.5209003215434084,748.5161075592041,40,0.7142857142857143,0.8896103896103896,0.648051948051948,0.22465045351825397,0.321285140562249,20572036,154.93353822184213,NVIDIA RTX PRO 4000 Blackwell,2.13.0+cu130,1.0.28
vit_small_L1_pretrained_s2,vit_small,1,pretrained,2,0.0003,0.5530546623794212,694.762778043747,36,0.7792207792207793,0.9090909090909091,0.726948051948052,0.2500114019565937,0.3602409638554217,21784244,164.2554650067368,NVIDIA RTX PRO 4000 Blackwell,2.13.0+cu130,1.0.28
swin_tiny_L1_pretrained_s2,swin_tiny,1,pretrained,2,0.0003,0.6141479099678456,691.1320724487305,38,0.8051948051948052,0.9188311688311688,0.7534632034632034,0.2809414625113952,0.3931726907630522,27756206,154.51797086296884,NVIDIA RTX PRO 4000 Blackwell,2.13.0+cu130,1.0.28
resnet50_L2_pretrained_s2,resnet50,2,pretrained,2,0.0003,0.5992647058823529,924.2922005653381,27,0.827922077922078,0.9545454545454546,0.7816017316017316,0.29362264841029156,0.40401606425702813,24139124,174.00715357878292,NVIDIA RTX PRO 4000 Blackwell,2.13.0+cu130,1.0.28
convnext_tiny_L2_pretrained_s2,convnext_tiny,2,pretrained,2,0.0001,0.7058823529411765,1332.680115699768,38,0.9285714285714286,0.9772727272727273,0.906926406926407,0.3823971886555953,0.5248995983935743,28056980,162.72683855101894,NVIDIA RTX PRO 4000 Blackwell,2.13.0+cu130,1.0.28
efficientnetv2_s_L2_pretrained_s2,efficientnetv2_s,2,pretrained,2,0.0003,0.65625,1824.1285426616669,40,0.9025974025974026,0.9772727272727273,0.873917748917749,0.3474939156040687,0.4811244979919679,20572036,138.55264841515293,NVIDIA RTX PRO 4000 Blackwell,2.13.0+cu130,1.0.28
vit_small_L2_pretrained_s2,vit_small,2,pretrained,2,0.0003,0.6727941176470589,1714.7046809196472,40,0.9448051948051948,0.9772727272727273,0.929112554112554,0.3600000757272619,0.5060240963855421,21784244,90.90286641762872,NVIDIA RTX PRO 4000 Blackwell,2.13.0+cu130,1.0.28
swin_tiny_L2_pretrained_s2,swin_tiny,2,pretrained,2,0.0003,0.7261029411764706,1659.531905889511,39,0.9415584415584416,0.974025974025974,0.9237012987012987,0.3914199307364273,0.5317269076305221,27756206,141.59846316063775,NVIDIA RTX PRO 4000 Blackwell,2.13.0+cu130,1.0.28
resnet50_L3_pretrained_s2,resnet50,3,pretrained,2,0.0003,0.6905071521456437,2204.973931312561,40,0.9188311688311688,0.9837662337662337,0.893939393939394,0.35008942080710365,0.478714859437751,24139124,160.04314559313,NVIDIA RTX PRO 4000 Blackwell,2.13.0+cu130,1.0.28
convnext_tiny_L3_pretrained_s2,convnext_tiny,3,pretrained,2,0.0001,0.7555266579973993,2156.5019612312317,40,0.9675324675324676,0.9837662337662337,0.9567099567099566,0.45384975161328,0.6,28056980,153.70571653558255,NVIDIA RTX PRO 4000 Blackwell,2.13.0+cu130,1.0.28
efficientnetv2_s_L3_pretrained_s2,efficientnetv2_s,3,pretrained,2,0.0003,0.741222366710013,2071.242828607559,40,0.9577922077922078,0.9902597402597403,0.9437229437229437,0.4370600879189005,0.5799196787148594,20572036,172.4108112519869,NVIDIA RTX PRO 4000 Blackwell,2.13.0+cu130,1.0.28
vit_small_L3_pretrained_s2,vit_small,3,pretrained,2,0.0003,0.7256176853055917,1914.6029880046844,37,0.9675324675324676,0.9902597402597403,0.9567099567099566,0.4199052388083462,0.5562248995983936,21784244,150.82427270673298,NVIDIA RTX PRO 4000 Blackwell,2.13.0+cu130,1.0.28
swin_tiny_L3_pretrained_s2,swin_tiny,3,pretrained,2,0.0003,0.7698309492847855,2085.6012563705444,40,0.9805194805194806,0.9902597402597403,0.974025974025974,0.45644219185243873,0.5983935742971888,27756206,157.82068720024745,NVIDIA RTX PRO 4000 Blackwell,2.13.0+cu130,1.0.28
resnet50_L4_pretrained_s2,resnet50,4,pretrained,2,0.0003,0.7172675521821632,2684.910089492798,40,0.948051948051948,0.9805194805194806,0.9307359307359306,0.3769426778993384,0.5152610441767068,24139124,171.4457451957373,NVIDIA RTX PRO 4000 Blackwell,2.13.0+cu130,1.0.28
convnext_tiny_L4_pretrained_s2,convnext_tiny,4,pretrained,2,0.0001,0.8045540796963947,2749.098713874817,40,0.9837662337662337,0.9902597402597403,0.9783549783549785,0.5076054816259667,0.6610441767068274,28056980,152.40981832968288,NVIDIA RTX PRO 4000 Blackwell,2.13.0+cu130,1.0.28
efficientnetv2_s_L4_pretrained_s2,efficientnetv2_s,4,pretrained,2,0.0003,0.7713472485768501,2455.988501548767,35,0.9772727272727273,0.9935064935064936,0.9696969696969697,0.4819864705477929,0.6224899598393574,20572036,162.15043439502637,NVIDIA RTX PRO 4000 Blackwell,2.13.0+cu130,1.0.28
vit_small_L4_pretrained_s2,vit_small,4,pretrained,2,0.0003,0.784629981024668,2729.2575221061707,40,0.9675324675324676,0.987012987012987,0.9577922077922078,0.46646971546135707,0.6265060240963856,21784244,143.43085025880904,NVIDIA RTX PRO 4000 Blackwell,2.13.0+cu130,1.0.28
swin_tiny_L4_pretrained_s2,swin_tiny,4,pretrained,2,0.0003,0.8130929791271347,2826.980430841446,40,0.9707792207792207,0.9902597402597403,0.961038961038961,0.5085707438093499,0.672289156626506,27756206,132.42084121471345,NVIDIA RTX PRO 4000 Blackwell,2.13.0+cu130,1.0.28
resnet50_L1_pretrained_s3,resnet50,1,pretrained,3,0.0003,0.44660194174757284,803.2679100036621,40,0.7272727272727273,0.9090909090909091,0.6617965367965368,0.22115975170134874,0.3072289156626506,24139124,161.23356273444813,NVIDIA RTX PRO 4000 Blackwell,2.13.0+cu130,1.0.28
convnext_tiny_L1_pretrained_s3,convnext_tiny,1,pretrained,3,0.0001,0.5339805825242718,751.0686676502228,37,0.788961038961039,0.9318181818181818,0.7401515151515152,0.2554413014272267,0.3755020080321285,28056980,155.11754139675398,NVIDIA RTX PRO 4000 Blackwell,2.13.0+cu130,1.0.28
efficientnetv2_s_L1_pretrained_s3,efficientnetv2_s,1,pretrained,3,0.0003,0.44983818770226536,828.5227258205414,40,0.7337662337662337,0.8798701298701299,0.6676406926406926,0.2121217253864059,0.3152610441767068,20572036,162.3452995812929,NVIDIA RTX PRO 4000 Blackwell,2.13.0+cu130,1.0.28
vit_small_L1_pretrained_s3,vit_small,1,pretrained,3,0.0003,0.4919093851132686,716.9538984298706,37,0.7532467532467533,0.8993506493506493,0.6917285095856524,0.237628892200877,0.3337349397590361,21784244,158.33521820837194,NVIDIA RTX PRO 4000 Blackwell,2.13.0+cu130,1.0.28
swin_tiny_L1_pretrained_s3,swin_tiny,1,pretrained,3,0.0003,0.540453074433657,569.7394037246704,30,0.8116883116883117,0.9253246753246753,0.7674242424242425,0.2677565990714628,0.3859437751004016,27756206,143.63944162833096,NVIDIA RTX PRO 4000 Blackwell,2.13.0+cu130,1.0.28
resnet50_L2_pretrained_s3,resnet50,2,pretrained,3,0.0003,0.6394927536231884,1509.9314239025116,40,0.9025974025974026,0.9675324675324676,0.876082251082251,0.30035519567022645,0.42409638554216866,24139124,146.38257987616046,NVIDIA RTX PRO 4000 Blackwell,2.13.0+cu130,1.0.28
convnext_tiny_L2_pretrained_s3,convnext_tiny,2,pretrained,3,0.0001,0.6902173913043478,1424.7126331329346,40,0.9383116883116883,0.9805194805194806,0.9182900432900433,0.3906559623415238,0.5337349397590362,28056980,173.7595368105815,NVIDIA RTX PRO 4000 Blackwell,2.13.0+cu130,1.0.28
efficientnetv2_s_L2_pretrained_s3,efficientnetv2_s,2,pretrained,3,0.0003,0.6721014492753623,1477.7953698635101,40,0.9058441558441559,0.9707792207792207,0.882034632034632,0.361793310568502,0.4979919678714859,20572036,157.874709166606,NVIDIA RTX PRO 4000 Blackwell,2.13.0+cu130,1.0.28
vit_small_L2_pretrained_s3,vit_small,2,pretrained,3,0.0003,0.6847826086956522,1443.6187779903412,39,0.9188311688311688,0.9772727272727273,0.8963203463203461,0.3709314118357504,0.5024096385542168,21784244,173.80597471338362,NVIDIA RTX PRO 4000 Blackwell,2.13.0+cu130,1.0.28
swin_tiny_L2_pretrained_s3,swin_tiny,2,pretrained,3,0.0003,0.7264492753623188,1407.4747021198273,40,0.9675324675324676,0.9772727272727273,0.9572510822510824,0.4097188352472855,0.5622489959839357,27756206,148.4744228776653,NVIDIA RTX PRO 4000 Blackwell,2.13.0+cu130,1.0.28
resnet50_L3_pretrained_s3,resnet50,3,pretrained,3,0.0003,0.6675291073738681,1947.6130328178406,37,0.935064935064935,0.9837662337662337,0.913961038961039,0.34190715533772176,0.46265060240963857,24139124,140.5256251030851,NVIDIA RTX PRO 4000 Blackwell,2.13.0+cu130,1.0.28
convnext_tiny_L3_pretrained_s3,convnext_tiny,3,pretrained,3,0.0001,0.7619663648124192,2219.6202030181885,40,0.974025974025974,0.9902597402597403,0.9653679653679653,0.46315620666002566,0.614859437751004,28056980,160.82682080318142,NVIDIA RTX PRO 4000 Blackwell,2.13.0+cu130,1.0.28
efficientnetv2_s_L3_pretrained_s3,efficientnetv2_s,3,pretrained,3,0.0003,0.7179818887451488,1036.55051445961,20,0.948051948051948,0.987012987012987,0.9329004329004328,0.4085024829343454,0.5485943775100401,20572036,151.82996931887627,NVIDIA RTX PRO 4000 Blackwell,2.13.0+cu130,1.0.28
vit_small_L3_pretrained_s3,vit_small,3,pretrained,3,0.0003,0.7335058214747736,2060.519503593445,40,0.9577922077922078,0.9837662337662337,0.9448051948051948,0.42806579996862765,0.576706827309237,21784244,168.34090617415438,NVIDIA RTX PRO 4000 Blackwell,2.13.0+cu130,1.0.28
swin_tiny_L3_pretrained_s3,swin_tiny,3,pretrained,3,0.0003,0.7516170763260026,1905.5189731121063,40,0.9707792207792207,0.987012987012987,0.961038961038961,0.4692833368816101,0.6236947791164659,27756206,177.13752179551395,NVIDIA RTX PRO 4000 Blackwell,2.13.0+cu130,1.0.28
resnet50_L4_pretrained_s3,resnet50,4,pretrained,3,0.0003,0.7270142180094786,2641.7915155887604,40,0.9383116883116883,0.9805194805194806,0.9193722943722944,0.3744723013911714,0.5136546184738956,24139124,161.33769896122436,NVIDIA RTX PRO 4000 Blackwell,2.13.0+cu130,1.0.28
convnext_tiny_L4_pretrained_s3,convnext_tiny,4,pretrained,3,0.0001,0.7639810426540284,1482.5728726387024,22,0.9642857142857143,0.9837662337662337,0.9523809523809526,0.4690263164395714,0.623293172690763,28056980,170.48862301513336,NVIDIA RTX PRO 4000 Blackwell,2.13.0+cu130,1.0.28
efficientnetv2_s_L4_pretrained_s3,efficientnetv2_s,4,pretrained,3,0.0003,0.7848341232227488,2682.1836700439453,40,0.9707792207792207,0.987012987012987,0.9615800865800864,0.504405764921979,0.6578313253012048,20572036,174.82073839487745,NVIDIA RTX PRO 4000 Blackwell,2.13.0+cu130,1.0.28
vit_small_L4_pretrained_s3,vit_small,4,pretrained,3,0.0003,0.7677725118483413,2664.157552242279,40,0.9772727272727273,0.987012987012987,0.9707792207792207,0.46978537041925295,0.6100401606425703,21784244,167.5613987155337,NVIDIA RTX PRO 4000 Blackwell,2.13.0+cu130,1.0.28
swin_tiny_L4_pretrained_s3,swin_tiny,4,pretrained,3,0.0003,0.7981042654028436,2940.8621191978455,40,0.9772727272727273,0.987012987012987,0.9696969696969696,0.4981099009757722,0.6574297188755021,27756206,142.14199657258118,NVIDIA RTX PRO 4000 Blackwell,2.13.0+cu130,1.0.28
resnet50_L1_pretrained_s4,resnet50,1,pretrained,4,0.0003,0.49838187702265374,673.3853788375854,33,0.7305194805194806,0.8993506493506493,0.6739177489177489,0.22344257538177992,0.3208835341365462,24139124,156.25848508992777,NVIDIA RTX PRO 4000 Blackwell,2.13.0+cu130,1.0.28
convnext_tiny_L1_pretrained_s4,convnext_tiny,1,pretrained,4,0.0001,0.5954692556634305,820.680064201355,40,0.7987012987012987,0.9383116883116883,0.7494588744588744,0.2718335760773825,0.4004016064257028,28056980,154.8740317015082,NVIDIA RTX PRO 4000 Blackwell,2.13.0+cu130,1.0.28
efficientnetv2_s_L1_pretrained_s4,efficientnetv2_s,1,pretrained,4,0.0003,0.540453074433657,791.7735412120819,38,0.7435064935064936,0.8993506493506493,0.683116883116883,0.23788482932543745,0.344578313253012,20572036,142.71531857564938,NVIDIA RTX PRO 4000 Blackwell,2.13.0+cu130,1.0.28
vit_small_L1_pretrained_s4,vit_small,1,pretrained,4,0.0003,0.5307443365695793,510.1320402622223,25,0.7467532467532467,0.9155844155844156,0.6843073593073593,0.2510105885971654,0.3614457831325301,21784244,148.53626085552213,NVIDIA RTX PRO 4000 Blackwell,2.13.0+cu130,1.0.28
swin_tiny_L1_pretrained_s4,swin_tiny,1,pretrained,4,0.0003,0.6213592233009708,823.2541286945343,39,0.814935064935065,0.9285714285714286,0.7675324675324675,0.29492244206049856,0.41405622489959837,27756206,136.77402821554645,NVIDIA RTX PRO 4000 Blackwell,2.13.0+cu130,1.0.28
resnet50_L2_pretrained_s4,resnet50,2,pretrained,4,0.0003,0.6466302367941712,1534.2712984085083,39,0.8863636363636364,0.961038961038961,0.8528138528138527,0.3052228558692638,0.42128514056224897,24139124,151.35026043598913,NVIDIA RTX PRO 4000 Blackwell,2.13.0+cu130,1.0.28
convnext_tiny_L2_pretrained_s4,convnext_tiny,2,pretrained,4,0.0001,0.6885245901639344,1058.565052986145,27,0.9025974025974026,0.9707792207792207,0.8717532467532467,0.37548496132609177,0.5116465863453815,28056980,154.14115666251035,NVIDIA RTX PRO 4000 Blackwell,2.13.0+cu130,1.0.28
efficientnetv2_s_L2_pretrained_s4,efficientnetv2_s,2,pretrained,4,0.0003,0.6703096539162113,1180.300861120224,31,0.8863636363636364,0.9577922077922078,0.8524891774891775,0.35200542697492754,0.4859437751004016,20572036,151.0592967163944,NVIDIA RTX PRO 4000 Blackwell,2.13.0+cu130,1.0.28
vit_small_L2_pretrained_s4,vit_small,2,pretrained,4,0.0003,0.6739526411657559,1312.8251461982727,35,0.9253246753246753,0.9675324675324676,0.9020562770562772,0.34436399510488463,0.4875502008032129,21784244,156.54292484027215,NVIDIA RTX PRO 4000 Blackwell,2.13.0+cu130,1.0.28
swin_tiny_L2_pretrained_s4,swin_tiny,2,pretrained,4,0.0003,0.6939890710382514,1552.5518548488617,40,0.9285714285714286,0.9805194805194806,0.9085497835497837,0.3853425192662903,0.523293172690763,27756206,158.04610429727535,NVIDIA RTX PRO 4000 Blackwell,2.13.0+cu130,1.0.28
resnet50_L3_pretrained_s4,resnet50,3,pretrained,4,0.0003,0.6802096985583224,2104.655691385269,40,0.9318181818181818,0.9772727272727273,0.9112554112554111,0.3574700592933383,0.47630522088353416,24139124,152.3241872558544,NVIDIA RTX PRO 4000 Blackwell,2.13.0+cu130,1.0.28
convnext_tiny_L3_pretrained_s4,convnext_tiny,3,pretrained,4,0.0001,0.7758846657929227,2132.551710128784,40,0.9512987012987013,0.987012987012987,0.935064935064935,0.4602668653981835,0.6112449799196787,28056980,156.0751487215706,NVIDIA RTX PRO 4000 Blackwell,2.13.0+cu130,1.0.28
efficientnetv2_s_L3_pretrained_s4,efficientnetv2_s,3,pretrained,4,0.0003,0.6854521625163827,1126.8375997543335,21,0.9415584415584416,0.9772727272727273,0.9226190476190477,0.4048295246630401,0.5457831325301205,20572036,152.11565886577174,NVIDIA RTX PRO 4000 Blackwell,2.13.0+cu130,1.0.28
vit_small_L3_pretrained_s4,vit_small,3,pretrained,4,0.0003,0.709043250327654,2122.54709148407,40,0.9642857142857143,0.9902597402597403,0.9523809523809523,0.42888917796130066,0.5734939759036145,21784244,157.90754263646411,NVIDIA RTX PRO 4000 Blackwell,2.13.0+cu130,1.0.28
swin_tiny_L3_pretrained_s4,swin_tiny,3,pretrained,4,0.0003,0.7601572739187418,2054.3716921806335,40,0.9577922077922078,0.9837662337662337,0.9448051948051948,0.4606738880683361,0.6072289156626506,27756206,148.28328225771642,NVIDIA RTX PRO 4000 Blackwell,2.13.0+cu130,1.0.28
resnet50_L4_pretrained_s4,resnet50,4,pretrained,4,0.0003,0.7194312796208531,2791.841821670532,40,0.9512987012987013,0.9902597402597403,0.9356060606060604,0.3803016767993129,0.5100401606425703,24139124,147.50345962688655,NVIDIA RTX PRO 4000 Blackwell,2.13.0+cu130,1.0.28
convnext_tiny_L4_pretrained_s4,convnext_tiny,4,pretrained,4,0.0001,0.7971563981042654,2855.747012615204,40,0.9675324675324676,0.9902597402597403,0.9567099567099566,0.5117474959512529,0.653012048192771,28056980,145.91715295276373,NVIDIA RTX PRO 4000 Blackwell,2.13.0+cu130,1.0.28
efficientnetv2_s_L4_pretrained_s4,efficientnetv2_s,4,pretrained,4,0.0003,0.771563981042654,2871.0757174491882,40,0.9772727272727273,0.9902597402597403,0.9696969696969697,0.5068121951589356,0.6622489959839357,20572036,160.6447486312463,NVIDIA RTX PRO 4000 Blackwell,2.13.0+cu130,1.0.28
vit_small_L4_pretrained_s4,vit_small,4,pretrained,4,0.0003,0.781042654028436,2934.919870376587,40,0.9837662337662337,0.9902597402597403,0.9783549783549783,0.4687168208583355,0.6188755020080321,21784244,152.67802534675067,NVIDIA RTX PRO 4000 Blackwell,2.13.0+cu130,1.0.28
swin_tiny_L4_pretrained_s4,swin_tiny,4,pretrained,4,0.0003,0.7876777251184834,2909.333766222,40,0.9902597402597403,0.9902597402597403,0.987012987012987,0.4886796853391156,0.6409638554216868,27756206,144.9105481506827,NVIDIA RTX PRO 4000 Blackwell,2.13.0+cu130,1.0.28
