run_id,arch,level,mode,seed,best_val_acc,train_time_s,epochs_ran,top1_page,top5_page,macro_f1_page,map_line,top1_retrieval,n_params,throughput_img_s
resnet50_L1_pretrained_s0,resnet50,1,pretrained,0,0.45161290322580644,337.32628178596497,40,0.7077922077922078,0.8831168831168831,0.6479437229437229,0.22202820532166556,0.3188755020080321,24139124,24.002188089213313
resnet50_L1_scratch_s0,resnet50,1,scratch,0,0.04838709677419355,178.38605070114136,21,0.06493506493506493,0.20454545454545456,0.02858537252947191,0.09119424848847378,0.12048192771084337,24139124,22.147573732020962
convnext_tiny_L1_pretrained_s0,convnext_tiny,1,pretrained,0,0.0064516129032258064,92.93315315246582,9,0.003246753246753247,0.016233766233766232,2.1014584121380238e-05,0.010314725763998734,0.00642570281124498,28056980,25.729125254742574
convnext_tiny_L1_scratch_s0,convnext_tiny,1,scratch,0,0.0064516129032258064,84.18179535865784,9,0.003246753246753247,0.016233766233766232,2.1014584121380238e-05,0.011968293230345001,0.008433734939759036,28056980,26.32450349128797
efficientnetv2_s_L1_pretrained_s0,efficientnetv2_s,1,pretrained,0,0.5,287.9463560581207,27,0.7045454545454546,0.8701298701298701,0.6409090909090909,0.21929347962973098,0.3220883534136546,20572036,28.350231048524446
efficientnetv2_s_L1_scratch_s0,efficientnetv2_s,1,scratch,0,0.2903225806451613,561.7611908912659,54,0.42207792207792205,0.6818181818181818,0.34401154401154405,0.1298261893963651,0.17309236947791165,20572036,26.240755229206588
vit_small_L1_pretrained_s0,vit_small,1,pretrained,0,0.4967741935483871,312.37107253074646,40,0.6948051948051948,0.8961038961038961,0.6294372294372294,0.23861825796366273,0.3301204819277108,21784244,27.45130040421697
vit_small_L1_scratch_s0,vit_small,1,scratch,0,0.02258064516129032,178.5340542793274,23,0.00974025974025974,0.05194805194805195,0.000742352885210028,0.018213840517533116,0.01566265060240964,21784244,25.963885327859277
swin_tiny_L1_pretrained_s0,swin_tiny,1,pretrained,0,0.6,456.7038426399231,40,0.8246753246753247,0.922077922077922,0.7805194805194804,0.3011791120413855,0.4285140562248996,27756206,25.869053781137474
swin_tiny_L1_scratch_s0,swin_tiny,1,scratch,0,0.00967741935483871,158.53193974494934,14,0.003246753246753247,0.01948051948051948,2.1014584121380238e-05,0.012666195627644579,0.012048192771084338,27756206,23.955011369895853
resnet50_L2_pretrained_s0,resnet50,2,pretrained,0,0.6146788990825688,555.6077320575714,38,0.9025974025974026,0.974025974025974,0.8744588744588744,0.2993337275642971,0.41405622489959837,24139124,27.617065195693872
resnet50_L2_scratch_s0,resnet50,2,scratch,0,0.1614678899082569,395.0195686817169,27,0.2435064935064935,0.5097402597402597,0.17462737478971244,0.138488355353234,0.18835341365461847,24139124,27.78561545934881
convnext_tiny_L2_pretrained_s0,convnext_tiny,2,pretrained,0,0.005504587155963303,164.08522653579712,10,0.003246753246753247,0.016233766233766232,2.1014584121380238e-05,0.00798155438338103,0.006024096385542169,28056980,26.455078127820038
convnext_tiny_L2_scratch_s0,convnext_tiny,2,scratch,0,0.005504587155963303,144.36860990524292,9,0.003246753246753247,0.016233766233766232,2.1014584121380238e-05,0.013876322844573147,0.01325301204819277,28056980,25.304092941653064
efficientnetv2_s_L2_pretrained_s0,efficientnetv2_s,2,pretrained,0,0.6568807339449542,536.755227804184,30,0.922077922077922,0.961038961038961,0.899025974025974,0.3621141852494375,0.506425702811245,20572036,26.863663113307066
efficientnetv2_s_L2_scratch_s0,efficientnetv2_s,2,scratch,0,0.4055045871559633,872.4284932613373,49,0.7857142857142857,0.9123376623376623,0.729112554112554,0.20207290836466654,0.29397590361445786,20572036,27.22968214188554
vit_small_L2_pretrained_s0,vit_small,2,pretrained,0,0.6311926605504588,495.04808950424194,40,0.9123376623376623,0.9837662337662337,0.8841991341991343,0.3505668979323015,0.4899598393574297,21784244,27.83024401596031
vit_small_L2_scratch_s0,vit_small,2,scratch,0,0.14128440366972478,569.668206691742,46,0.18831168831168832,0.5064935064935064,0.11540988441193499,0.07186973432587462,0.09116465863453815,21784244,26.16455265242653
swin_tiny_L2_pretrained_s0,swin_tiny,2,pretrained,0,0.728440366972477,779.46422123909,40,0.9383116883116883,0.974025974025974,0.9209956709956709,0.3668550079852925,0.5176706827309236,27756206,25.54585409767353
swin_tiny_L2_scratch_s0,swin_tiny,2,scratch,0,0.29174311926605506,1596.537787437439,82,0.5616883116883117,0.8344155844155844,0.47549474335188613,0.11427819196866139,0.1530120481927711,27756206,25.733170337305094
resnet50_L3_pretrained_s0,resnet50,3,pretrained,0,0.6679738562091503,820.6713199615479,40,0.9318181818181818,0.9805194805194806,0.9096320346320347,0.3260831024469902,0.45140562248995986,24139124,28.008795205473174
resnet50_L3_scratch_s0,resnet50,3,scratch,0,0.5542483660130719,1170.0866966247559,57,0.8603896103896104,0.9642857142857143,0.8246753246753247,0.278323200837983,0.39558232931726905,24139124,24.162738591155037
convnext_tiny_L3_pretrained_s0,convnext_tiny,3,pretrained,0,0.00522875816993464,320.92570066452026,14,0.003246753246753247,0.016233766233766232,2.1014584121380238e-05,0.006408250574528424,0.002811244979919679,28056980,26.801938176453167
convnext_tiny_L3_scratch_s0,convnext_tiny,3,scratch,0,0.00522875816993464,249.90293526649475,11,0.003246753246753247,0.016233766233766232,2.1014584121380238e-05,0.015001663196490754,0.014859437751004016,28056980,25.74792159548476
efficientnetv2_s_L3_pretrained_s0,efficientnetv2_s,3,pretrained,0,0.7294117647058823,1013.0798201560974,40,0.961038961038961,0.987012987012987,0.9485930735930734,0.43847421822368626,0.5759036144578313,20572036,27.33080436092556
efficientnetv2_s_L3_scratch_s0,efficientnetv2_s,3,scratch,0,0.5228758169934641,1313.9748976230621,52,0.8344155844155844,0.9577922077922078,0.7905844155844156,0.250846028299554,0.35943775100401604,20572036,25.880675253718266
vit_small_L3_pretrained_s0,vit_small,3,pretrained,0,0.7019607843137254,682.5648484230042,40,0.9318181818181818,0.9837662337662337,0.9090909090909091,0.39471468065531995,0.5437751004016064,21784244,26.896060466988434
vit_small_L3_scratch_s0,vit_small,3,scratch,0,0.2928104575163399,1501.14839053154,88,0.5974025974025974,0.8571428571428571,0.5253246753246754,0.11710175177477236,0.1538152610441767,21784244,27.553642148520396
swin_tiny_L3_pretrained_s0,swin_tiny,3,pretrained,0,0.734640522875817,1111.979930639267,40,0.9577922077922078,0.9837662337662337,0.9448051948051948,0.4018634946906995,0.5441767068273092,27756206,26.74650000009988
swin_tiny_L3_scratch_s0,swin_tiny,3,scratch,0,0.011764705882352941,414.74055671691895,15,0.006493506493506494,0.04220779220779221,0.00017304442438132277,0.011760073374197308,0.008032128514056224,27756206,25.632147497677874
resnet50_L4_pretrained_s0,resnet50,4,pretrained,0,0.7111742424242424,918.0398981571198,35,0.935064935064935,0.9805194805194806,0.916125541125541,0.36881959003110537,0.5024096385542168,24139124,28.357221715556832
resnet50_L4_scratch_s0,resnet50,4,scratch,0,0.3172348484848485,709.5335042476654,27,0.487012987012987,0.7954545454545454,0.3928757866783077,0.22914590549502314,0.31606425702811247,24139124,27.629073765893413
convnext_tiny_L4_pretrained_s0,convnext_tiny,4,pretrained,0,0.004734848484848485,294.2887513637543,10,0.003246753246753247,0.016233766233766232,2.1014584121380238e-05,0.007862665264991858,0.007228915662650603,28056980,27.63522814448902
convnext_tiny_L4_scratch_s0,convnext_tiny,4,scratch,0,0.4403409090909091,2921.125688314438,100,0.8181818181818182,0.9448051948051948,0.7713203463203463,0.14845176177609815,0.22610441767068273,28056980,27.119770460513536
efficientnetv2_s_L4_pretrained_s0,efficientnetv2_s,4,pretrained,0,0.7821969696969697,1302.338145017624,40,0.9772727272727273,0.9902597402597403,0.9696969696969696,0.4975164635325231,0.6469879518072289,20572036,25.394729954081882
efficientnetv2_s_L4_scratch_s0,efficientnetv2_s,4,scratch,0,0.5852272727272727,2407.4212114810944,74,0.9123376623376623,0.974025974025974,0.887987012987013,0.3047047312652686,0.43293172690763054,20572036,25.608643040059512
vit_small_L4_pretrained_s0,vit_small,4,pretrained,0,0.7149621212121212,869.010867357254,40,0.974025974025974,0.9902597402597403,0.9653679653679653,0.4137633582361751,0.572289156626506,21784244,27.243969222988877
vit_small_L4_scratch_s0,vit_small,4,scratch,0,0.45738636363636365,2298.147824048996,106,0.7792207792207793,0.8961038961038961,0.7246753246753246,0.18670846779176054,0.2718875502008032,21784244,27.578158051905188
swin_tiny_L4_pretrained_s0,swin_tiny,4,pretrained,0,0.020833333333333332,715.876704454422,20,0.00974025974025974,0.07467532467532467,0.0005478880780927144,0.014499016393201107,0.00963855421686747,27756206,19.661794527027762
swin_tiny_L4_scratch_s0,swin_tiny,4,scratch,0,0.014204545454545454,501.37798166275024,14,0.01948051948051948,0.05519480519480519,0.0014362736970226567,0.014822235723723742,0.010843373493975903,27756206,23.127423648496116
resnet50_Lfull_pretrained_s0,resnet50,full,pretrained,0,0.738615664845173,1094.7602014541626,40,0.9512987012987013,0.987012987012987,0.935064935064935,0.3733762272927348,0.5052208835341365,24139124,28.01884986942287
resnet50_Lfull_scratch_s0,resnet50,full,scratch,0,0.43989071038251365,900.5749795436859,33,0.6298701298701299,0.8863636363636364,0.551430117501546,0.2700554730378195,0.3783132530120482,24139124,25.16530165323267
convnext_tiny_Lfull_pretrained_s0,convnext_tiny,full,pretrained,0,0.00546448087431694,306.50695180892944,10,0.003246753246753247,0.016233766233766232,2.1014584121380238e-05,0.007573421373187847,0.004016064257028112,28056980,21.279845172272505
convnext_tiny_Lfull_scratch_s0,convnext_tiny,full,scratch,0,0.006375227686703097,544.6836266517639,18,0.003246753246753247,0.016233766233766232,2.239140170174653e-05,0.015015279970617045,0.010843373493975903,28056980,25.812445731341377
efficientnetv2_s_Lfull_pretrained_s0,efficientnetv2_s,full,pretrained,0,0.7959927140255009,1322.7278332710266,39,0.9805194805194806,0.9902597402597403,0.974025974025974,0.49204920526056717,0.6401606425702812,20572036,26.29659547441156
efficientnetv2_s_Lfull_scratch_s0,efficientnetv2_s,full,scratch,0,0.6074681238615665,1799.9913125038147,53,0.9025974025974026,0.9837662337662337,0.8741341991341992,0.2928536096448697,0.41726907630522087,20572036,27.413351554624658
vit_small_Lfull_pretrained_s0,vit_small,full,pretrained,0,0.7540983606557377,903.0752472877502,40,0.961038961038961,0.9902597402597403,0.9485930735930734,0.4345921913586204,0.5927710843373494,21784244,26.29528307630192
vit_small_Lfull_scratch_s0,vit_small,full,scratch,0,0.4098360655737705,2142.2472052574158,95,0.7272727272727273,0.9123376623376623,0.6568800247371676,0.16238672718599861,0.2385542168674699,21784244,27.72798141982412
swin_tiny_Lfull_pretrained_s0,swin_tiny,full,pretrained,0,0.7859744990892532,1496.090267419815,40,0.9772727272727273,0.987012987012987,0.9696969696969697,0.42315328220840753,0.5718875502008032,27756206,25.526786477596552
swin_tiny_Lfull_scratch_s0,swin_tiny,full,scratch,0,0.014571948998178506,559.2424249649048,15,0.012987012987012988,0.05519480519480519,0.003650215912705541,0.012952277089237478,0.008835341365461847,27756206,25.57211981674635
resnet50_L1_pretrained_s1,resnet50,1,pretrained,1,0.459546925566343,289.14551305770874,31,0.6915584415584416,0.8863636363636364,0.6180735930735931,0.2044434969087609,0.29036144578313255,24139124,27.28661500277254
resnet50_L1_scratch_s1,resnet50,1,scratch,1,0.0970873786407767,185.43521523475647,20,0.11038961038961038,0.3246753246753247,0.05421522921522921,0.08605042491208031,0.10722891566265061,24139124,27.036791328789732
convnext_tiny_L1_pretrained_s1,convnext_tiny,1,pretrained,1,0.006472491909385114,103.32642078399658,10,0.003246753246753247,0.016233766233766232,2.1014584121380238e-05,0.00964236298358025,0.010843373493975903,28056980,27.240618508509307
convnext_tiny_L1_scratch_s1,convnext_tiny,1,scratch,1,0.006472491909385114,140.2994282245636,14,0.003246753246753247,0.016233766233766232,2.1014584121380238e-05,0.012399501680296994,0.00642570281124498,28056980,26.292225184529833
efficientnetv2_s_L1_pretrained_s1,efficientnetv2_s,1,pretrained,1,0.46601941747572817,230.43071055412292,21,0.7175324675324676,0.8668831168831169,0.6576839826839826,0.21308656958500374,0.3180722891566265,20572036,26.731805433715543
efficientnetv2_s_L1_scratch_s1,efficientnetv2_s,1,scratch,1,0.2588996763754045,467.56064438819885,43,0.36038961038961037,0.6785714285714286,0.29969617323513426,0.11051559955983613,0.14698795180722893,20572036,27.183383005433495
vit_small_L1_pretrained_s1,vit_small,1,pretrained,1,0.47896440129449835,291.28847670555115,35,0.6948051948051948,0.8831168831168831,0.6294372294372294,0.22602657436020462,0.3265060240963855,21784244,23.164282725797527
vit_small_L1_scratch_s1,vit_small,1,scratch,1,0.009708737864077669,107.14023232460022,13,0.006493506493506494,0.022727272727272728,0.0007442849548112705,0.014344518781700066,0.013654618473895583,21784244,25.860839354449247
swin_tiny_L1_pretrained_s1,swin_tiny,1,pretrained,1,0.4854368932038835,470.07644033432007,40,0.6948051948051948,0.8733766233766234,0.6261904761904762,0.24211454208360011,0.3309236947791165,27756206,24.840506324513505
swin_tiny_L1_scratch_s1,swin_tiny,1,scratch,1,0.016181229773462782,198.8131287097931,17,0.00974025974025974,0.02922077922077922,0.000970243913792301,0.011957295283882953,0.010040160642570281,27756206,25.901633163546276
resnet50_L2_pretrained_s1,resnet50,2,pretrained,1,0.5628415300546448,365.0774748325348,24,0.8571428571428571,0.9545454545454546,0.8154761904761905,0.27720948837894666,0.39598393574297186,24139124,25.585330950488185
resnet50_L2_scratch_s1,resnet50,2,scratch,1,0.2167577413479053,550.275778055191,36,0.3181818181818182,0.6558441558441559,0.23304738191101826,0.1662262300563917,0.23654618473895583,24139124,26.696039914315865
convnext_tiny_L2_pretrained_s1,convnext_tiny,2,pretrained,1,0.00546448087431694,155.1689989566803,9,0.003246753246753247,0.016233766233766232,2.1014584121380238e-05,0.015187516570351523,0.014457831325301205,28056980,26.42965501172095
convnext_tiny_L2_scratch_s1,convnext_tiny,2,scratch,1,0.009107468123861567,265.0779390335083,16,0.003246753246753247,0.01948051948051948,2.450379808870375e-05,0.01330093008303821,0.010843373493975903,28056980,25.91236632961251
efficientnetv2_s_L2_pretrained_s1,efficientnetv2_s,2,pretrained,1,0.6229508196721312,701.8641593456268,38,0.8993506493506493,0.961038961038961,0.8717532467532467,0.33676300943991994,0.4650602409638554,20572036,23.23980970668207
efficientnetv2_s_L2_scratch_s1,efficientnetv2_s,2,scratch,1,0.4080145719489982,1215.4576635360718,66,0.7435064935064936,0.9058441558441559,0.6866883116883117,0.19892302507126827,0.2891566265060241,20572036,25.328696244572026
vit_small_L2_pretrained_s1,vit_small,2,pretrained,1,0.6120218579234973,524.1127994060516,40,0.8733766233766234,0.948051948051948,0.8376623376623377,0.3208748406749098,0.4353413654618474,21784244,25.544733838200923
vit_small_L2_scratch_s1,vit_small,2,scratch,1,0.02185792349726776,236.02031779289246,18,0.00974025974025974,0.05844155844155844,0.0006425688939995145,0.018088517959625676,0.013654618473895583,21784244,27.5559399804961
swin_tiny_L2_pretrained_s1,swin_tiny,2,pretrained,1,0.6794171220400729,682.4944291114807,34,0.9090909090909091,0.9707792207792207,0.881168831168831,0.352447096082311,0.48714859437751,27756206,20.638624172475524
swin_tiny_L2_scratch_s1,swin_tiny,2,scratch,1,0.009107468123861567,221.0970814228058,11,0.006493506493506494,0.03896103896103896,0.00014557861245072338,0.01108549543188336,0.008032128514056224,27756206,24.615856591351346
resnet50_L3_pretrained_s1,resnet50,3,pretrained,1,0.7035573122529645,670.3133933544159,32,0.9318181818181818,0.9902597402597403,0.9096320346320345,0.3432638706118387,0.4738955823293173,24139124,26.64914929852004
resnet50_L3_scratch_s1,resnet50,3,scratch,1,0.41106719367588934,607.4525103569031,29,0.5551948051948052,0.8636363636363636,0.4672260639793107,0.2134848314507054,0.2931726907630522,24139124,26.775517599451863
convnext_tiny_L3_pretrained_s1,convnext_tiny,3,pretrained,1,0.005270092226613966,234.1436631679535,10,0.003246753246753247,0.016233766233766232,2.1014584121380238e-05,0.007692517592454023,0.005220883534136547,28056980,25.983816650040325
convnext_tiny_L3_scratch_s1,convnext_tiny,3,scratch,1,0.010540184453227932,276.6902117729187,12,0.003246753246753247,0.025974025974025976,2.6396367859782497e-05,0.012448075154517185,0.011646586345381526,28056980,26.348747927131587
efficientnetv2_s_L3_pretrained_s1,efficientnetv2_s,3,pretrained,1,0.7865612648221344,1028.6422986984253,40,0.9707792207792207,0.987012987012987,0.961038961038961,0.45138570213053364,0.5811244979919679,20572036,26.961467688034045
efficientnetv2_s_L3_scratch_s1,efficientnetv2_s,3,scratch,1,0.49538866930171277,949.4567542076111,37,0.7694805194805194,0.922077922077922,0.7156926406926407,0.2455304077832932,0.3437751004016064,20572036,27.38811685409363
vit_small_L3_pretrained_s1,vit_small,3,pretrained,1,0.7154150197628458,704.3284571170807,40,0.9448051948051948,0.987012987012987,0.9274891774891776,0.37455367735168094,0.5056224899598394,21784244,25.543339477677247
vit_small_L3_scratch_s1,vit_small,3,scratch,1,0.4163372859025033,1968.9712748527527,112,0.737012987012987,0.8863636363636364,0.6722943722943723,0.16800461664234076,0.24417670682730924,21784244,27.421685618659442
swin_tiny_L3_pretrained_s1,swin_tiny,3,pretrained,1,0.37681159420289856,1122.7474913597107,40,0.6006493506493507,0.8766233766233766,0.524412492269635,0.16593984106245446,0.21124497991967872,27756206,24.18071764478535
swin_tiny_L3_scratch_s1,swin_tiny,3,scratch,1,0.005270092226613966,447.5598669052124,16,0.003246753246753247,0.016233766233766232,2.1014584121380238e-05,0.006539728761079873,0.002008032128514056,27756206,20.072313641493746
resnet50_L4_pretrained_s1,resnet50,4,pretrained,1,0.7182163187855788,1073.6162343025208,40,0.9415584415584416,0.9902597402597403,0.9237012987012987,0.36413275939031503,0.4899598393574297,24139124,26.306679526569607
resnet50_L4_scratch_s1,resnet50,4,scratch,1,0.16129032258064516,535.8528802394867,20,0.17857142857142858,0.525974025974026,0.11519905245274703,0.16014327873737533,0.21646586345381527,24139124,28.55377486767681
convnext_tiny_L4_pretrained_s1,convnext_tiny,4,pretrained,1,0.004743833017077799,300.3226578235626,10,0.003246753246753247,0.016233766233766232,2.1014584121380238e-05,0.00855179341095321,0.004417670682730923,28056980,27.303881836913863
convnext_tiny_L4_scratch_s1,convnext_tiny,4,scratch,1,0.004743833017077799,297.15232276916504,10,0.003246753246753247,0.016233766233766232,2.1151486949532554e-05,0.01323377426753935,0.008032128514056224,28056980,26.68501420450009
efficientnetv2_s_L4_pretrained_s1,efficientnetv2_s,4,pretrained,1,0.7922201138519924,1126.7104785442352,34,0.9772727272727273,0.9902597402597403,0.9696969696969697,0.4760506100734281,0.6236947791164659,20572036,27.224543521918292
efficientnetv2_s_L4_scratch_s1,efficientnetv2_s,4,scratch,1,0.5806451612903226,1785.9389553070068,54,0.8798701298701299,0.9545454545454546,0.84512987012987,0.28242009889430714,0.3815261044176707,20572036,25.850469895474006
vit_small_L4_pretrained_s1,vit_small,4,pretrained,1,0.74573055028463,889.0036377906799,40,0.9707792207792207,0.9902597402597403,0.961038961038961,0.4311744594000256,0.5799196787148594,21784244,26.30164421752776
vit_small_L4_scratch_s1,vit_small,4,scratch,1,0.3766603415559772,1774.9981989860535,80,0.7305194805194806,0.8863636363636364,0.6639146567717996,0.15872508897591583,0.23132530120481928,21784244,26.10634163198421
swin_tiny_L4_pretrained_s1,swin_tiny,4,pretrained,1,0.8007590132827325,1454.1438114643097,40,0.9837662337662337,0.9902597402597403,0.9783549783549785,0.48918070707585964,0.6457831325301204,27756206,24.787480676925398
swin_tiny_L4_scratch_s1,swin_tiny,4,scratch,1,0.013282732447817837,470.9961166381836,13,0.006493506493506494,0.05519480519480519,0.0007549724044569405,0.015580920089165652,0.01325301204819277,27756206,25.919011937639006
resnet50_Lfull_pretrained_s1,resnet50,full,pretrained,1,0.7349726775956285,1116.1607558727264,40,0.9642857142857143,0.9805194805194806,0.9534632034632033,0.37144160307578117,0.5048192771084338,24139124,26.682725840894438
resnet50_Lfull_scratch_s1,resnet50,full,scratch,1,0.3442622950819672,669.9464643001556,24,0.512987012987013,0.8603896103896104,0.4214440321583179,0.2151533619347112,0.293574297188755,24139124,26.470753903300068
convnext_tiny_Lfull_pretrained_s1,convnext_tiny,full,pretrained,1,0.00546448087431694,276.99696469306946,9,0.003246753246753247,0.016233766233766232,2.1014584121380238e-05,0.009711562515136055,0.009236947791164659,28056980,25.26997227263945
convnext_tiny_Lfull_scratch_s1,convnext_tiny,full,scratch,1,0.39617486338797814,2102.9026947021484,68,0.7597402597402597,0.9155844155844156,0.7044372294372293,0.1276548296654193,0.18072289156626506,28056980,25.85840185174756
efficientnetv2_s_Lfull_pretrained_s1,efficientnetv2_s,full,pretrained,1,0.7941712204007286,1268.7381463050842,37,0.974025974025974,0.9935064935064936,0.9664502164502163,0.49864917979081314,0.6602409638554216,20572036,26.568958212483242
efficientnetv2_s_Lfull_scratch_s1,efficientnetv2_s,full,scratch,1,0.6038251366120219,1715.7832775115967,50,0.9188311688311688,0.9675324675324676,0.8944805194805194,0.3070209111781952,0.43453815261044176,20572036,26.943426218424424
vit_small_Lfull_pretrained_s1,vit_small,full,pretrained,1,0.7504553734061931,923.2232213020325,40,0.9772727272727273,0.987012987012987,0.9696969696969696,0.43870764473537616,0.5855421686746988,21784244,25.23656488868898
vit_small_Lfull_scratch_s1,vit_small,full,scratch,1,0.4353369763205829,1868.5196933746338,81,0.775974025974026,0.9285714285714286,0.7168831168831169,0.17738714025277627,0.25100401606425704,21784244,26.494741431006116
swin_tiny_Lfull_pretrained_s1,swin_tiny,full,pretrained,1,0.8060109289617486,1509.23947763443,40,0.9772727272727273,0.9902597402597403,0.9696969696969697,0.4736883080254183,0.6349397590361445,27756206,26.223632969930534
swin_tiny_Lfull_scratch_s1,swin_tiny,full,scratch,1,0.011839708561020037,414.3811526298523,11,0.003246753246753247,0.022727272727272728,2.8232636928289102e-05,0.011764646239984577,0.008433734939759036,27756206,25.261855696555656
resnet50_L1_pretrained_s2,resnet50,1,pretrained,2,0.5176848874598071,309.71921825408936,31,0.7077922077922078,0.9123376623376623,0.6403679653679654,0.2109937293359842,0.30200803212851407,24139124,25.569294779390532
resnet50_L1_scratch_s2,resnet50,1,scratch,2,0.01929260450160772,119.04898190498352,12,0.00974025974025974,0.05194805194805195,0.0014061921795978784,0.03235787124998078,0.04136546184738956,24139124,27.825118664528194
convnext_tiny_L1_pretrained_s2,convnext_tiny,1,pretrained,2,0.006430868167202572,98.86278533935547,9,0.003246753246753247,0.016233766233766232,2.1014584121380238e-05,0.008302558487603551,0.004417670682730923,28056980,25.670678091760642
convnext_tiny_L1_scratch_s2,convnext_tiny,1,scratch,2,0.006430868167202572,117.78357172012329,11,0.003246753246753247,0.016233766233766232,2.1014584121380238e-05,0.010535529771138707,0.010040160642570281,28056980,27.30546611258014
efficientnetv2_s_L1_pretrained_s2,efficientnetv2_s,1,pretrained,2,0.5176848874598071,465.0296211242676,40,0.7402597402597403,0.9058441558441559,0.6729437229437228,0.23470678691142788,0.3433734939759036,20572036,27.285298661690643
efficientnetv2_s_L1_scratch_s2,efficientnetv2_s,1,scratch,2,0.33440514469453375,614.9877209663391,53,0.4090909090909091,0.698051948051948,0.34103277674706245,0.13123990111637682,0.18072289156626506,20572036,25.809643185981685
vit_small_L1_pretrained_s2,vit_small,1,pretrained,2,0.5594855305466238,340.019082069397,38,0.7305194805194806,0.9090909090909091,0.66504329004329,0.25297177700008816,0.3578313253012048,21784244,27.553385686352012
vit_small_L1_scratch_s2,vit_small,1,scratch,2,0.03215434083601286,257.80087757110596,29,0.00974025974025974,0.06818181818181818,0.0011402288188002473,0.02167870481862358,0.018072289156626505,21784244,27.93430857786417
swin_tiny_L1_pretrained_s2,swin_tiny,1,pretrained,2,0.6205787781350482,334.66688680648804,27,0.762987012987013,0.922077922077922,0.711038961038961,0.2795974983085002,0.4036144578313253,27756206,26.275789385129187
swin_tiny_L1_scratch_s2,swin_tiny,1,scratch,2,0.022508038585209004,247.9262776374817,20,0.012987012987012988,0.05519480519480519,0.0006988396046146805,0.015934626891054782,0.01325301204819277,27756206,26.28644531397064
resnet50_L2_pretrained_s2,resnet50,2,pretrained,2,0.6305147058823529,596.4999094009399,38,0.8798701298701299,0.961038961038961,0.8479437229437228,0.2900233657881962,0.39919678714859436,24139124,25.153169349585152
resnet50_L2_scratch_s2,resnet50,2,scratch,2,0.17095588235294118,328.9731116294861,21,0.25,0.5746753246753247,0.1771475773504994,0.13173837059036952,0.16586345381526105,24139124,27.92776808107523
convnext_tiny_L2_pretrained_s2,convnext_tiny,2,pretrained,2,0.0055147058823529415,155.4497799873352,9,0.003246753246753247,0.016233766233766232,2.1014584121380238e-05,0.008758266203600254,0.005622489959839358,28056980,23.663560643014197
convnext_tiny_L2_scratch_s2,convnext_tiny,2,scratch,2,0.0055147058823529415,152.9920744895935,9,0.003246753246753247,0.016233766233766232,2.1014584121380238e-05,0.010931807641578618,0.011646586345381526,28056980,26.518450610278474
efficientnetv2_s_L2_pretrained_s2,efficientnetv2_s,2,pretrained,2,0.6452205882352942,470.5403995513916,25,0.9188311688311688,0.961038961038961,0.8939393939393939,0.3397172409172155,0.4606425702811245,20572036,26.758806096561234
efficientnetv2_s_L2_scratch_s2,efficientnetv2_s,2,scratch,2,0.41360294117647056,900.8355026245117,48,0.698051948051948,0.8831168831168831,0.6316635745207174,0.18660030819733778,0.26546184738955825,20572036,27.49577025290107
vit_small_L2_pretrained_s2,vit_small,2,pretrained,2,0.6139705882352942,539.9245452880859,40,0.8993506493506493,0.9772727272727273,0.8706709956709957,0.33278299952520085,0.4562248995983936,21784244,26.611349151473956
vit_small_L2_scratch_s2,vit_small,2,scratch,2,0.08639705882352941,442.68825817108154,33,0.08116883116883117,0.2792207792207792,0.034659664213662844,0.0454955479378172,0.04497991967871486,21784244,23.49351649125407
swin_tiny_L2_pretrained_s2,swin_tiny,2,pretrained,2,0.6764705882352942,816.2622509002686,40,0.9025974025974026,0.974025974025974,0.875,0.3654529986051013,0.5004016064257029,27756206,25.11940539680209
swin_tiny_L2_scratch_s2,swin_tiny,2,scratch,2,0.1948529411764706,984.2249610424042,48,0.275974025974026,0.6006493506493507,0.18976186151510827,0.0851428943003887,0.10080321285140562,27756206,25.603207605668587
resnet50_L3_pretrained_s2,resnet50,3,pretrained,2,0.6788036410923277,836.7444126605988,39,0.9253246753246753,0.9707792207792207,0.9004329004329004,0.33847385762490967,0.4614457831325301,24139124,26.797882593524413
resnet50_L3_scratch_s2,resnet50,3,scratch,2,0.12093628088426528,407.2248463630676,19,0.16233766233766234,0.38311688311688313,0.09342403628117912,0.13416745273843766,0.1670682730923695,24139124,27.453316635900574
convnext_tiny_L3_pretrained_s2,convnext_tiny,3,pretrained,2,0.005201560468140442,215.88682985305786,9,0.003246753246753247,0.016233766233766232,2.1014584121380238e-05,0.007995604226942126,0.004417670682730923,28056980,26.852799631220574
convnext_tiny_L3_scratch_s2,convnext_tiny,3,scratch,2,0.005201560468140442,212.1083629131317,9,0.003246753246753247,0.016233766233766232,2.1014584121380238e-05,0.010185516351189973,0.006827309236947791,28056980,26.290820764066734
efficientnetv2_s_L3_pretrained_s2,efficientnetv2_s,3,pretrained,2,0.7438231469440832,974.5014474391937,37,0.9577922077922078,0.987012987012987,0.9448051948051948,0.4367440807397843,0.5887550200803213,20572036,27.952930176978953
efficientnetv2_s_L3_scratch_s2,efficientnetv2_s,3,scratch,2,0.4668400520156047,839.7744977474213,32,0.724025974025974,0.9285714285714286,0.658982683982684,0.24098371335462077,0.3349397590361446,20572036,26.925432687865637
vit_small_L3_pretrained_s2,vit_small,3,pretrained,2,0.6970091027308193,718.630642414093,40,0.9448051948051948,0.987012987012987,0.926948051948052,0.38604683333047146,0.5377510040160642,21784244,27.276994206007892
vit_small_L3_scratch_s2,vit_small,3,scratch,2,0.3706111833550065,1618.1264617443085,90,0.724025974025974,0.9155844155844156,0.6614718614718615,0.15446616070734065,0.21566265060240963,21784244,26.07910306649406
swin_tiny_L3_pretrained_s2,swin_tiny,3,pretrained,2,0.7542262678803641,1149.0237522125244,40,0.961038961038961,0.9902597402597403,0.948051948051948,0.42993472064261085,0.5839357429718876,27756206,25.185509236771356
swin_tiny_L3_scratch_s2,swin_tiny,3,scratch,2,0.013003901170351105,543.2341680526733,19,0.012987012987012988,0.03896103896103896,0.0017007161716361184,0.013237578417133342,0.009236947791164659,27756206,25.335039168538152
resnet50_L4_pretrained_s2,resnet50,4,pretrained,2,0.713472485768501,1004.9451763629913,37,0.948051948051948,0.9805194805194806,0.9318181818181818,0.3683831103231363,0.4979919678714859,24139124,27.228884468871367
resnet50_L4_scratch_s2,resnet50,4,scratch,2,0.3557874762808349,816.0511724948883,30,0.5454545454545454,0.8246753246753247,0.46481419013886544,0.2378981135616062,0.3381526104417671,24139124,26.231784285415475
convnext_tiny_L4_pretrained_s2,convnext_tiny,4,pretrained,2,0.004743833017077799,302.7777626514435,10,0.003246753246753247,0.016233766233766232,2.1014584121380238e-05,0.007033421327295459,0.00321285140562249,28056980,27.09480874523991
convnext_tiny_L4_scratch_s2,convnext_tiny,4,scratch,2,0.004743833017077799,299.75622630119324,10,0.003246753246753247,0.016233766233766232,2.1014584121380238e-05,0.012795157560744081,0.009236947791164659,28056980,26.74351158299481
efficientnetv2_s_L4_pretrained_s2,efficientnetv2_s,4,pretrained,2,0.7922201138519924,1342.2719616889954,40,0.9642857142857143,0.987012987012987,0.9536796536796537,0.49036582918539484,0.6313253012048192,20572036,25.325628164487426
efficientnetv2_s_L4_scratch_s2,efficientnetv2_s,4,scratch,2,0.547438330170778,1436.4541664123535,43,0.8766233766233766,0.974025974025974,0.8422077922077922,0.28214132897154987,0.40200803212851405,20572036,27.040482603296162
vit_small_L4_pretrained_s2,vit_small,4,pretrained,2,0.713472485768501,742.7988195419312,33,0.9415584415584416,0.9837662337662337,0.9226190476190474,0.39506037544052913,0.5397590361445783,21784244,26.40991216878791
vit_small_L4_scratch_s2,vit_small,4,scratch,2,0.4639468690702087,2785.60662984848,123,0.8181818181818182,0.922077922077922,0.7662337662337663,0.19037075027333136,0.26465863453815264,21784244,26.438535806301896
swin_tiny_L4_pretrained_s2,swin_tiny,4,pretrained,2,0.7798861480075902,1465.2085514068604,40,0.9707792207792207,0.9935064935064936,0.961038961038961,0.44101330215739765,0.5807228915662651,27756206,25.627974373451238
swin_tiny_L4_scratch_s2,swin_tiny,4,scratch,2,0.006641366223908918,327.15390157699585,9,0.006493506493506494,0.02922077922077922,0.0003328273458143588,0.013153628302302689,0.008032128514056224,27756206,23.72421509538157
resnet50_Lfull_pretrained_s2,resnet50,full,pretrained,2,0.738615664845173,1127.7445611953735,40,0.9383116883116883,0.9805194805194806,0.91991341991342,0.3681607354845951,0.5084337349397591,24139124,23.452961484678067
resnet50_Lfull_scratch_s2,resnet50,full,scratch,2,0.5710382513661202,1183.621909379959,42,0.801948051948052,0.9577922077922078,0.7493506493506493,0.30251610455233097,0.41204819277108434,24139124,26.765354407245404
convnext_tiny_Lfull_pretrained_s2,convnext_tiny,full,pretrained,2,0.00546448087431694,311.2445607185364,10,0.003246753246753247,0.016233766233766232,2.1014584121380238e-05,0.008422530195170141,0.007228915662650603,28056980,26.296735051042468
convnext_tiny_Lfull_scratch_s2,convnext_tiny,full,scratch,2,0.00546448087431694,312.36374258995056,10,0.003246753246753247,0.016233766233766232,2.1014584121380238e-05,0.011971306538500535,0.00963855421686747,28056980,25.517284130162977
efficientnetv2_s_Lfull_pretrained_s2,efficientnetv2_s,full,pretrained,2,0.7877959927140255,1386.3766069412231,40,0.9837662337662337,0.9902597402597403,0.9783549783549785,0.5132109516388397,0.6694779116465863,20572036,25.589539291277397
efficientnetv2_s_Lfull_scratch_s2,efficientnetv2_s,full,scratch,2,0.6311475409836066,2737.034011363983,79,0.9123376623376623,0.974025974025974,0.8882034632034632,0.3202820381216358,0.45140562248995986,20572036,26.992889290833713
vit_small_Lfull_pretrained_s2,vit_small,full,pretrained,2,0.7468123861566485,936.7372050285339,40,0.9707792207792207,0.9902597402597403,0.961038961038961,0.428879286663859,0.578714859437751,21784244,27.514500335214368
vit_small_Lfull_scratch_s2,vit_small,full,scratch,2,0.412568306010929,2131.3731825351715,91,0.698051948051948,0.8798701298701299,0.6249458874458874,0.15495898378510095,0.21686746987951808,21784244,27.851630186965345
swin_tiny_Lfull_pretrained_s2,swin_tiny,full,pretrained,2,0.8142076502732241,1527.6071348190308,40,0.9772727272727273,0.9902597402597403,0.9696969696969697,0.48165526625231403,0.6417670682730924,27756206,26.29600037018488
swin_tiny_Lfull_scratch_s2,swin_tiny,full,scratch,2,0.007285974499089253,341.7254285812378,9,0.003246753246753247,0.016233766233766232,2.246888060036849e-05,0.012192981477317509,0.010843373493975903,27756206,25.2094027960397
